A sheet whose formulas are hibr,,,
Click a cell in column B and read the formula bar above.,,,
,,,
Any command you can run,=date +%F,today; the formula is in the bar,
Floating point,"=math ""2 * 21""",through the math module,
,,,
A cell is a variable,,,
Price,12.50,,
Quantity,4,,
Price times quantity,"=math ""B8 * B9""",B8 and B9 are this sheet's own cells,
,,,
A range is an array,,,
Jan,10,,
Feb,22,,
Mar,13,,
Their sum,"=sum ""${B13_B15[@]}""",B13_B15 is every cell from B13 to B15,
Their average,"=avg ""${B13_B15[@]}""",and the same ones again,
Their largest,"=max ""${B13_B15[@]}""",min max count work the same way,
,,,
An expansion is itself,,,
Quantity doubled,=$((B9 * 2)),a formula starting with one IS that expansion,
Made into a sentence,"=""${B9} of them""",so text works the same way,
,,,
Nothing here can act,,,
Writing a file is refused,=touch /tmp/hibr-tour,#REFUSED: formulas run under --plan,
A loop is cut off,"=while :; do :; done",#TIME: two seconds of CPU each,
,,,
Sheet > Trust This Sheet lifts the first of those,,,
for this sheet only and only on this machine.,,,
